{
  "metadata": {
    "version": "1.0",
    "date": "2025-01-04T15:19:52.482086",
    "type": "inventory_backup"
  },
  "storage": {
    "shelves": [
      {
        "id": 1,
        "name": "Components Shelf",
        "description": "Electronic components and small parts"
      },
      {
        "id": 2,
        "name": "Tools Shelf",
        "description": "Tools and equipment"
      },
      {
        "id": 3,
        "name": "Actuators Shelf",
        "description": "Motors, servos, and actuators"
      }
    ],
    "containers": [
      {
        "id": 1,
        "shelf_id": 1,
        "name": "Small Components Box",
        "container_type": "regular_box",
        "description": "Resistors, capacitors, and small ICs"
      },
      {
        "id": 2,
        "shelf_id": 1,
        "name": "MCU Container",
        "container_type": "drawer_organizer",
        "description": "Microcontrollers and development boards"
      },
      {
        "id": 3,
        "shelf_id": 2,
        "name": "Hand Tools Box",
        "container_type": "regular_box",
        "description": "Screwdrivers, pliers, and wrenches"
      },
      {
        "id": 4,
        "shelf_id": 2,
        "name": "Test Equipment",
        "container_type": "drawer_organizer",
        "description": "Multimeters and testing tools"
      },
      {
        "id": 5,
        "shelf_id": 3,
        "name": "Servo Box",
        "container_type": "regular_box",
        "description": "Various servo motors"
      },
      {
        "id": 6,
        "shelf_id": 3,
        "name": "DC Motors",
        "container_type": "drawer_organizer",
        "description": "DC motors and gearboxes"
      }
    ],
    "compartments": []
  },
  "items": [
    {
      "id": 6,
      "category": "development board",
      "subcategory": "IoT microcontroller board",
      "brand": "Particle",
      "model": "Particle Photon",
      "condition": "appears new",
      "technical_details": {
        "description": "The Particle Photon is a WI-FI microcontroller development board with a Broadcom BCM43362 Wi-Fi chip and an ARM Cortex M3 microcontroller. It features easy integration with Particle's cloud platform, 18 mixed-signal GPIOs with advanced peripherals, and easy access to cloud-based IDE for programming.",
        "use_cases": [
          "Prototyping IoT devices",
          "Home automation projects",
          "Remote sensor monitoring",
          "Educational projects for learning IoT and microcontroller programming"
        ]
      },
      "shelf_id": 1,
      "container_id": 2,
      "image_path": "uploads/9bc129ad-6f98-47c0-a4f3-20fcaba67e4a.jpg",
      "date_added": "2025-01-04T14:27:00.446128",
      "last_modified": "2025-01-04T14:27:00.446129"
    },
    {
      "id": 7,
      "category": "Actuator",
      "subcategory": "Micro Servo",
      "brand": "Unknown",
      "model": "9g A0090",
      "condition": "Appears to be in good physical condition",
      "technical_details": {
        "description": "This is a micro servo motor commonly used in robotic and RC applications. It is lightweight and compact, typically weighing around 9 grams. The servo operates on DC power and rotates a given angle when a PWM signal is applied. It provides torque suitable for small tasks and has a plastic gear assembly, making it affordable but less durable compared to metal gear servos.",
        "use_cases": [
          "Used in hobbyist robot joints for controlled movement",
          "Employed in remote control aircraft for controlling surfaces",
          "Commonly found in simple animatronics for providing precise rotational movement"
        ]
      },
      "shelf_id": 3,
      "container_id": 5,
      "image_path": "uploads/6d7fcd98-82bc-4ab4-9933-a0e4aa8b2658.jpg",
      "date_added": "2025-01-04T14:31:50.185982",
      "last_modified": "2025-01-04T14:31:50.185983"
    },
    {
      "id": 8,
      "category": "Semiconductor",
      "subcategory": "Bipolar Junction Transistor (BJT)",
      "brand": "Unknown",
      "model": "2N3906",
      "condition": "Good",
      "technical_details": {
        "description": "The 2N3906 is a PNP Bipolar Junction Transistor (BJT) designed for switching and amplifier applications. It is known for its low power, low to medium current gain, and high speed. Specifications include a maximum current rating of 200 mA, a maximum voltage of 40 V, and a power dissipation of 625 mW.",
        "use_cases": [
          "Used in amplifier circuits to boost audio signals.",
          "Commonly found in switching applications due to its fast response time.",
          "Implemented in oscillator circuits for signal generation.",
          "Used in low-power hobby and educational electronics projects."
        ]
      },
      "shelf_id": 1,
      "container_id": 1,
      "image_path": "uploads/f053ae70-60d0-44ff-8c5e-89aaf5c64c01.jpg",
      "date_added": "2025-01-04T14:50:23.291542",
      "last_modified": "2025-01-04T14:50:23.291544"
    },
    {
      "id": 9,
      "category": "electronic component",
      "subcategory": "level shifter",
      "brand": "Generic",
      "model": "4-channel bi-directional",
      "condition": "new",
      "technical_details": {
        "description": "This is a 4-channel bi-directional level shifter module that allows logic signals to be shifted between different voltage levels, typically used to interface different devices that operate on different voltages (e.g., 3.3V to 5V). It automatically detects the direction of the signal flow and shifts the voltage levels accordingly.",
        "use_cases": [
          "Connecting a 3.3V microcontroller to a 5V sensor or module",
          "Integrating multiple devices that operate on different voltage levels in a single circuit",
          "Safe signal level interfacing between components in mixed-voltage systems"
        ]
      },
      "shelf_id": 1,
      "container_id": 1,
      "image_path": "uploads/0b458e89-04f3-4264-bdb2-f9923680cf03.jpg",
      "date_added": "2025-01-04T15:05:06.163942",
      "last_modified": "2025-01-04T15:05:06.163945"
    }
  ]
}